#Touchstone format,DB
#frequency unit,GHz
#number of frequencies,3
#number of ports,2
#S-port 1,net1,not renormalized
#S-port 2,net2,not renormalized
#prior iterations pre-pended by #
#Frequency(GHz),dB(S(1;1)),deg(S(1;1)),dB(S(2;1)),deg(S(2;1)),dB(S(1;2)),deg(S(1;2)),dB(S(2;2)),deg(S(2;2))
9,-103.521985746321,-12.7414249507061,-0.0117168080358677,-20.7530492136657,-0.0117168080358677,-20.7530492136657,-103.595411338755,-24.5454296070059
9.999999999,-99.1789275200035,-4.26559651008562,-0.0105358521781866,172.884585801545,-0.0105358521781866,172.884585801545,-99.1711788633069,-4.21188155460766
11,-103.594432154754,20.9016913876098,-0.00990237584837314,18.935053642323,-0.00990237584837314,18.935053642323,-103.26799242981,37.0329799579037
