#Touchstone format,DB
#frequency unit,GHz
#number of frequencies,1
#number of ports,2
#S-port 1,net1,not renormalized
#S-port 2,net2,not renormalized
#prior iterations pre-pended by #
#Frequency(GHz),dB(S(1;1)),deg(S(1;1)),dB(S(2;1)),deg(S(2;1)),dB(S(1;2)),deg(S(1;2)),dB(S(2;2)),deg(S(2;2))
#9,-132.090128245158,21.5589403072989,-6.87604056753877e-11,-20.7530457264416,-6.87604056753877e-11,-20.7530457264416,-132.090179079276,116.939526991835
#9,-147.784248439237,-42.5581777125087,-5.19155334895179e-11,-20.7530601984112,-5.19155334895179e-11,-20.7530601984112,-147.78252152669,-178.96186865064
9,-142.117624967778,-107.383397351338,4.49203020468691e-11,-20.7530633610821,4.49203020468691e-11,-20.7530633610821,-142.118603149307,-114.113421637553
