#Touchstone format,DB
#frequency unit,GHz
#number of frequencies,3
#number of ports,2
#S-port 1,net1,not renormalized
#S-port 2,net2,not renormalized
#prior iterations pre-pended by #
#Frequency(GHz),dB(S(1;1)),deg(S(1;1)),dB(S(2;1)),deg(S(2;1)),dB(S(1;2)),deg(S(1;2)),dB(S(2;2)),deg(S(2;2))
9,-131.925842604696,64.7191866894077,-2.68798373858095e-09,-20.7530403504147,-2.68798373858095e-09,-20.7530403504147,-131.930307466785,73.811839940306
9.999999999,-121.661329386447,83.1880491656829,-5.68572585401483e-09,172.884606956098,-5.68572585401483e-09,172.884606956098,-121.663023844347,82.6542038534034
11,-112.384063724939,112.993348482092,-1.09801228036833e-08,18.9351081959737,-1.09801228036833e-08,18.9351081959737,-112.384649415927,104.95743102482
