#Touchstone format,DB
#frequency unit,GHz
#number of frequencies,3
#number of ports,2
#S-port 1,net1,not renormalized
#S-port 2,net2,not renormalized
#prior iterations pre-pended by #
#Frequency(GHz),dB(S(1;1)),deg(S(1;1)),dB(S(2;1)),deg(S(2;1)),dB(S(1;2)),deg(S(1;2)),dB(S(2;2)),deg(S(2;2))
9,-115.201516818279,40.809311070739,-3.55139424617105e-08,129.492349922625,-3.55139424617105e-08,129.492349922625,-115.20202856115,38.195675152885
9.999999999,-124.577152024732,-163.116546849752,-7.07412657280237e-08,-65.2293199974587,-7.07412657280237e-08,-65.2293199974587,-124.572357723681,-147.221794362459
11,-104.703035839973,-166.284268865928,-1.31736786812457e-07,105.387067652648,-1.31736786812457e-07,105.387067652648,-104.702518693195,-162.905970831704
