#Frequency(GHz),mag(S(1;1)),deg(S(1;1)),mag(S(2;1)),deg(S(2;1)),mag(S(1;2)),deg(S(1;2)),mag(S(2;2)),deg(S(2;2))
11.61,0.0183764915069516,94.0999958573683,0.99982525654564,-175.444080128231,0.999820385282072,-175.443526607294,0.0183840119166957,94.7664666236223
