#Touchstone format,DB
#frequency unit,GHz
#number of frequencies,3
#number of ports,3
#S-port 1,net1,not renormalized
#S-port 2,net2,not renormalized
#S-port 3,net3,not renormalized
#prior iterations pre-pended by #
#Frequency(GHz),dB(S(1;1)),deg(S(1;1)),dB(S(2;1)),deg(S(2;1)),dB(S(3;1)),deg(S(3;1)),dB(S(1;2)),deg(S(1;2)),dB(S(2;2)),deg(S(2;2)),dB(S(3;2)),deg(S(3;2)),dB(S(1;3)),deg(S(1;3)),dB(S(2;3)),deg(S(2;3)),dB(S(3;3)),deg(S(3;3))
10,-17.333980317357,-23.3540378911838,-3.09076090893202,-78.1155692545803,-3.09181789568183,101.852550307156,-3.09076090893202,-78.1155692545803,-6.45348745183131,-59.9972390329518,-5.48373963685261,-74.1674119237195,-3.09181789568183,101.852550307156,-5.48373963685261,-74.1674119237195,-6.45119569542425,-60.0648079568076
13,-12.0488927699914,14.635198404019,-3.28975923959011,-16.2503277698371,-3.29038837261561,163.7377777131,-3.28975923959011,-16.2503277698371,-7.50002876965266,10.4033844404854,-4.51814772030888,-10.3761008592153,-3.29038837261561,163.7377777131,-4.51814772030888,-10.3761008592153,-7.49837084041765,10.3754488287443
16,-8.52998662948824,95.4302108581967,-3.66655727474939,85.0976747226994,-3.6669164008278,-94.9051108683575,-3.66655727474939,85.0976747226994,-9.55738141333436,108.080253022394,-3.37856995400122,90.4074142094036,-3.6669164008278,-94.9051108683575,-3.37856995400122,90.4074142094036,-9.55598496718898,108.071771892453
