#Touchstone format,DB
#frequency unit,GHz
#number of frequencies,3
#number of ports,2
#S-port 1,net1,not renormalized
#S-port 2,net2,not renormalized
#prior iterations pre-pended by #
#Frequency(GHz),dB(S(1;1)),deg(S(1;1)),dB(S(2;1)),deg(S(2;1)),dB(S(1;2)),deg(S(1;2)),dB(S(2;2)),deg(S(2;2))
9,-130.840514518208,70.157471082068,-3.45908794660635e-09,-20.7530379871005,-3.45908794660635e-09,-20.7530379871005,-130.8410382488,68.3949611649845
9.999999999,-120.432938855003,83.6729850055304,-7.15282762587166e-09,172.884614157912,-7.15282762587166e-09,172.884614157912,-120.433270320282,82.1791020652091
11,-111.61249303882,109.385864181721,-1.35790692262083e-08,18.9351234347345,-1.35790692262083e-08,18.9351234347345,-111.612619692676,108.571308437397
