#Touchstone format,DB
#frequency unit,GHz
#number of frequencies,1
#number of ports,4
#S-port comm_in1_in2,24
#S-port diff_in1_in2,96
#S-port comm_out3_out4,24
#S-port diff_out3_out4,96
#prior iterations pre-pended by #
#Frequency(GHz),dB(S(1;1)),deg(S(1;1)),dB(S(2;1)),deg(S(2;1)),dB(S(3;1)),deg(S(3;1)),dB(S(4;1)),deg(S(4;1)),dB(S(1;2)),deg(S(1;2)),dB(S(2;2)),deg(S(2;2)),dB(S(3;2)),deg(S(3;2)),dB(S(4;2)),deg(S(4;2)),dB(S(1;3)),deg(S(1;3)),dB(S(2;3)),deg(S(2;3)),dB(S(3;3)),deg(S(3;3)),dB(S(4;3)),deg(S(4;3)),dB(S(1;4)),deg(S(1;4)),dB(S(2;4)),deg(S(2;4)),dB(S(3;4)),deg(S(3;4)),dB(S(4;4)),deg(S(4;4))
#10,-5.85571733510575,129.443677258688,-6.10404514656459,132.997575947873,-6.28485698380222,-42.6312108053444,-6.09342639278887,132.005389542546,-6.10404514309023,132.997575947873,-6.41727902956651,135.557330849774,-6.09328315624764,131.992472418802,-5.73379801744354,-36.9635615272717,-6.28485698380221,-42.6312108053445,-6.093283159722,131.992472418802,-5.8643036342446,129.367829175289,-6.09410812405644,133.00022347889,-6.09342638153196,132.005389542546,-5.73379800966098,-36.9635615272717,-6.09410811279953,133.00022347889,-6.42770841841768,135.49907880579
#10,-5.85258514521256,129.281276996358,-6.09863133162296,132.917890379967,-6.28221739850449,-42.6141295825667,-6.09563391203307,132.013230368797,-6.09863133162296,132.917890379967,-6.41469497025889,135.372996862329,-6.09357827672144,132.013119702838,-5.73225023047789,-36.9678017382857,-6.28221739850448,-42.6141295825667,-6.09357827672143,132.013119702838,-5.85795118334656,129.178523369013,-6.09133957206427,132.878394292559,-6.09564259790099,132.013230368797,-5.7322589163458,-36.9678017382857,-6.09134825793219,132.878394292559,-6.41591846792358,135.270568096703
10,-5.84845594347257,129.02677411173,-6.09719507887437,132.739218548024,-6.28070987441359,-42.596331140721,-6.09725972144862,132.006085032362,-6.09719507887437,132.739218548024,-6.41192383851571,135.11604516332,-6.09462003727038,132.025408871219,-5.72948501897025,-36.9647710822864,-6.28070987441359,-42.5963311407209,-6.09462003727038,132.025408871219,-5.85435453975388,129.052951623088,-6.08871063308841,132.80933035675,-6.09726840731654,132.006085032362,-5.72949370483817,-36.9647710822864,-6.08871931895633,132.80933035675,-6.41113826445761,135.104513486683
