# name,status,frequency,portOut,portIn,testVariable,testFunction,[equal:expectedValue,]foundValue,[equal:error,tolerance | lessthan:threshold | greaterthan:threshold
single_1_0_result,pass,12000000000,1,1,magS(dB),lessthan,-58.0483151424045,-50,
single_1_6_result,pass,12000000000,2,2,magS(dB),lessthan,-57.371400758106,-50,
single_1_4_result,pass,12000000000,1,2,magS(dB),equal,-0.0166455039576875,-0.0159563419332022,0.0414022925492155,0.05,
single_1_2_result,pass,12000000000,2,1,magS(dB),equal,-0.0166455039576875,-0.0159563419332022,0.0414022925492155,0.05,
single_1_5_result,pass,12000000000,1,2,argS(deg),equal,-113.049336027276,-113.138720868812,0.000790671088191409,0.001,
single_1_3_result,pass,12000000000,2,1,argS(deg),equal,-113.049336027276,-113.138720868812,0.000790671088191409,0.001,
