# name,status,frequency,portOut,portIn,testVariable,testFunction,[equal:expectedValue,]foundValue,[equal:error,tolerance | lessthan:threshold | greaterthan:threshold
single_1_0_result,pass,12000000000,1,1,magS(dB),lessthan,-51.5157019762177,-50,
single_1_6_result,pass,12000000000,2,2,magS(dB),lessthan,-50.6104400699818,-50,
single_1_4_result,FAIL,12000000000,1,2,magS(dB),equal,-0.00589626442350931,0.0194474775222473,4.29827092636945,1e-09,
single_1_2_result,FAIL,12000000000,2,1,magS(dB),equal,-0.00589626442350931,0.0194474775222473,4.29827092636945,1e-09,
single_1_5_result,FAIL,12000000000,1,2,argS(deg),equal,-37.7210393111798,-37.6663252677197,0.00145049140901814,1e-11,
single_1_3_result,FAIL,12000000000,2,1,argS(deg),equal,-37.7210393111798,-37.6663252677197,0.00145049140901814,1e-11,
