#Touchstone format,DB
#frequency unit,GHz
#number of frequencies,1
#number of ports,4
#S-port 1,in1,50
#S-port 2,in2,50
#S-port 3,out3,50
#S-port 4,out4,50
#prior iterations pre-pended by #
#Frequency(GHz),dB(S(1;1)),deg(S(1;1)),dB(S(2;1)),deg(S(2;1)),dB(S(3;1)),deg(S(3;1)),dB(S(4;1)),deg(S(4;1)),dB(S(1;2)),deg(S(1;2)),dB(S(2;2)),deg(S(2;2)),dB(S(3;2)),deg(S(3;2)),dB(S(4;2)),deg(S(4;2)),dB(S(1;3)),deg(S(1;3)),dB(S(2;3)),deg(S(2;3)),dB(S(3;3)),deg(S(3;3)),dB(S(4;3)),deg(S(4;3)),dB(S(1;4)),deg(S(1;4)),dB(S(2;4)),deg(S(2;4)),dB(S(3;4)),deg(S(3;4)),dB(S(4;4)),deg(S(4;4))
#10,-0.100049424175868,134.390549983312,-30.3388453707642,75.5884037242338,-23.0773715467869,44.2656958746106,-30.9479798865206,-162.031184095357,-30.3387692443408,75.5891911390818,-32.6863251366641,-127.939661544687,-30.9207204694302,-161.906203821122,-0.0576970437927022,-43.8568432122993,-23.0773597068546,44.2656856233605,-30.9206308024475,-161.907056224349,-0.0998601960419607,134.359429191474,-30.3236524038022,75.5182149098205,-30.9478897485551,-162.032037033087,-0.057688240294929,-43.8568417675101,-30.3237284116585,75.5174264632618,-32.8309252376085,-124.935491130238
#10,-0.0960232189368081,134.267769792446,-30.357350587346,75.5498568208481,-23.0835138596899,44.1229826482544,-30.9493747828597,-162.121714762278,-30.3573505873459,75.5498568208483,-32.9782209568425,-127.194589632341,-30.9638442293968,-161.898443530668,-0.0570125248160917,-43.844632300744,-23.0835079418813,44.1229775264374,-30.9637681885926,-161.899330990409,-0.0941316074686702,134.199359572096,-30.3788029458071,75.2610308863365,-30.949360805437,-162.121683428718,-0.0570081236820163,-43.8446315805175,-30.3788791245941,75.2602363458258,-33.1371567231178,-125.374200649277
10,-0.0936803863935773,134.056500661815,-30.3504469736222,75.3714873451323,-23.0726770492823,43.9774285264263,-30.9321294000813,-162.193741280385,-30.3504469736222,75.3714873451323,-33.2402398722227,-127.10616821796,-30.9960950198504,-162.057691792033,-0.0564537378676065,-43.8361050827944,-23.0726829692295,43.9774336386646,-30.9961717254076,-162.056802355569,-0.0907964856084476,134.095334276271,-30.4213367393406,75.2350681391965,-30.9321433764455,-162.193772509288,-0.0564581390851948,-43.8361057991806,-30.4212600760504,75.2358664953758,-33.3999020542526,-125.205864388745
