#Touchstone format,DB
#frequency unit,GHz
#number of frequencies,2
#number of ports,2
#S-port 1,net1,not renormalized
#S-port 2,net2,not renormalized
#prior iterations pre-pended by #
#Frequency(GHz),dB(S(1;1)),deg(S(1;1)),dB(S(2;1)),deg(S(2;1)),dB(S(1;2)),deg(S(1;2)),dB(S(2;2)),deg(S(2;2))
9,-124.078033946817,169.39297629396,-7.39895099671129e-09,84.471114479979,-7.39895099671129e-09,84.471114479979,-124.072171250087,179.961114497905
11,-95.905467729223,114.977606923252,-4.93599183011447e-08,25.4540281402487,-4.93599183011447e-08,25.4540281402487,-95.9053773033611,115.944914190583
