#Touchstone format,DB
#frequency unit,GHz
#number of frequencies,1
#number of ports,4
#S-port 1,in1,50
#S-port 2,in2,50
#S-port 3,out3,50
#S-port 4,out4,50
#prior iterations pre-pended by #
#Frequency(GHz),dB(S(1;1)),deg(S(1;1)),dB(S(2;1)),deg(S(2;1)),dB(S(3;1)),deg(S(3;1)),dB(S(4;1)),deg(S(4;1)),dB(S(1;2)),deg(S(1;2)),dB(S(2;2)),deg(S(2;2)),dB(S(3;2)),deg(S(3;2)),dB(S(4;2)),deg(S(4;2)),dB(S(1;3)),deg(S(1;3)),dB(S(2;3)),deg(S(2;3)),dB(S(3;3)),deg(S(3;3)),dB(S(4;3)),deg(S(4;3)),dB(S(1;4)),deg(S(1;4)),dB(S(2;4)),deg(S(2;4)),dB(S(3;4)),deg(S(3;4)),dB(S(4;4)),deg(S(4;4))
#10,-32.984290335979,-128.728956660742,-25.3217649686731,45.8752647659232,-0.0628766884464204,-43.8054706996061,-53.1834171700902,5.50801600774041,-25.3217649496988,45.8752647759784,-32.8927753437688,-128.737369583962,-53.1546708059825,6.18710505926796,-0.0634241552952611,-43.8136737967385,-0.0628680142077297,-43.805470796185,-53.1571826988069,6.20692473791379,-32.9688834766354,-126.848996507434,-25.3242717329025,45.8454869641235,-53.1859729801264,5.5277023070264,-0.0634154810552119,-43.8136738933357,-25.3242717155395,45.8454869038164,-33.0464695730565,-126.487232256566
#10,-34.2194413366295,-130.005250759209,-25.3277237858926,46.0275315527264,-0.0600024536519645,-43.7663338042319,-53.8148977025392,5.65102173711942,-25.3277237858926,46.0275315527264,-33.0402140180877,-127.91149025871,-53.6692003411359,6.05002797501225,-0.0629809467062035,-43.8076608220518,-0.060006790786345,-43.7663337595782,-53.6678635950633,6.03954023259689,-34.2097905027572,-124.534042703056,-25.3260913565533,45.7632694115018,-53.813525415338,5.64042243692417,-0.0629852837935723,-43.8076607763296,-25.3260911585204,45.7632690737461,-33.2195934560168,-127.279806943286
10,-35.8992927376845,-130.819615281148,-25.5596721572416,45.8437958998514,-0.0562996587025925,-43.7273803365119,-56.6841182983889,3.63525889879004,-25.5596721572416,45.8437958998514,-35.0172077010561,-128.750825307694,-56.7092363572013,5.23828044194999,-0.05818000535157,-43.7584315499452,-0.0563039972982694,-43.7273803054394,-56.7073028363047,5.22358083653609,-35.8582081588324,-122.509844809693,-25.5601275988897,45.8337894898429,-56.6821273792118,3.62096807557127,-0.0581843440945617,-43.7584315181547,-25.5601274856473,45.8337891961734,-35.2061370950696,-125.17360003909
