#Touchstone format,DB
#frequency unit,GHz
#number of frequencies,1
#number of ports,2
#S-port 1,net1,not renormalized
#S-port 2,net2,not renormalized
#prior iterations pre-pended by #
#Frequency(GHz),dB(S(1;1)),deg(S(1;1)),dB(S(2;1)),deg(S(2;1)),dB(S(1;2)),deg(S(1;2)),dB(S(2;2)),deg(S(2;2))
#10,-18.9293499923578,-146.02416638259,-0.0559297327214045,-56.0051934789634,-0.0559297327214045,-56.0051934789634,-18.9293499903841,-145.986218434637
#10,-18.9217285636933,-146.0816725041,-0.0560286063438412,-55.9956912940818,-0.0560286063438412,-55.9956912940818,-18.9217285613149,-145.909707945565
#10,-18.9076376313774,-145.939915963501,-0.0562118730705686,-55.9780767180838,-0.0562118730705686,-55.9780767180838,-18.9076376297579,-146.016235338142
#10,-18.8859369488572,-146.103380911015,-0.0564952930671025,-55.9509483237201,-0.0564952930671025,-55.9509483237201,-18.8859369460079,-145.798513608003
#10,-18.8699885399836,-145.953101938308,-0.0567045025223485,-55.9309140715548,-0.0567045025223485,-55.9309140715548,-18.8699885380301,-145.908724081617
#10,-18.8666505790004,-145.925123223766,-0.0567483881123829,-55.9267234381354,-0.0567483881123829,-55.9267234381354,-18.8666505771382,-145.928321529794
10,-18.8653732788974,-145.911990880409,-0.0567651903622765,-55.9251200300606,-0.0567651903622765,-55.9251200300606,-18.8653732771093,-145.938247057457
