# name,status,frequency,portOut,portIn,testVariable,testFunction,[equal:expectedValue,]foundValue,[equal:error,tolerance | lessthan:threshold | greaterthan:threshold
straight-steps_1_2_result,pass,10000000000,2,1,magS(dB),equal,-0.0567007733343281,-0.0567651903622765,0.0011360872905308,0.002,
straight-steps_1_4_result,pass,10000000000,1,2,magS(dB),equal,-0.0567007733343281,-0.0567651903622765,0.0011360872905308,0.002,
straight-steps_1_0_result,pass,10000000000,1,1,magS(dB),equal,-18.8703891437018,-18.8653732788974,0.000265806113811547,0.0003,
straight-steps_1_6_result,pass,10000000000,2,2,magS(dB),equal,-18.8703804791201,-18.8653732771093,0.000265347167554055,0.0003,
straight-steps_1_5_result,pass,10000000000,1,2,argS(deg),equal,-55.93150189191,-55.9251200300606,0.000114101385329123,0.0002,
straight-steps_1_3_result,pass,10000000000,2,1,argS(deg),equal,-55.93150189191,-55.9251200300606,0.000114101385329123,0.0002,
straight-steps_1_1_result,pass,10000000000,1,1,argS(deg),equal,-145.92092624212,-145.911990880409,6.12342721575818e-05,0.0001,
straight-steps_1_7_result,pass,10000000000,2,2,argS(deg),equal,-145.942917520452,-145.938247057457,3.20019845727683e-05,0.0001,
