#Touchstone format,DB
#frequency unit,GHz
#number of frequencies,1
#number of ports,2
#S-port 1,net1,200
#S-port 2,net2,200
#prior iterations pre-pended by #
#Frequency(GHz),dB(S(1;1)),deg(S(1;1)),dB(S(2;1)),deg(S(2;1)),dB(S(1;2)),deg(S(1;2)),dB(S(2;2)),deg(S(2;2))
#10,-5.93865767005901,29.0678480485775,-1.27704865949192,-60.9358463317584,-1.27704865949192,-60.9358463317584,-5.93865767042636,29.0604588433533
#10,-5.94097048237971,29.0920089303969,-1.27625830061464,-60.9247541431327,-1.27625830061464,-60.9247541431326,-5.94097048273387,29.0584823388173
#10,-5.94526366750087,29.0883585074205,-1.27479268368515,-60.9041843922761,-1.27479268368515,-60.9041843922761,-5.94526366786896,29.1032722634397
#10,-5.95188444183777,29.157405027244,-1.2725362744739,-60.8724881760563,-1.27253627447389,-60.8724881760564,-5.95188444218285,29.0976181759589
#10,-5.95678509837438,29.155296649435,-1.27086906152091,-60.8490659545432,-1.27086906152091,-60.8490659545432,-5.9567850987513,29.1465709967307
#10,-5.95781080317866,29.1555198597041,-1.27052043367574,-60.8441653173934,-1.27052043367574,-60.8441653173934,-5.95781080354582,29.1561490607307
10,-5.9582033138512,29.1551264271605,-1.27038705200304,-60.8422901274751,-1.27038705200304,-60.8422901274751,-5.95820331423345,29.1602928731925
