#Touchstone format,DB
#frequency unit,GHz
#number of frequencies,1
#number of ports,3
#S-port 1,net1,50
#S-port 2,net2,50
#S-port 3,net3,50
#prior iterations pre-pended by #
#Frequency(GHz),dB(S(1;1)),deg(S(1;1)),dB(S(2;1)),deg(S(2;1)),dB(S(3;1)),deg(S(3;1)),dB(S(1;2)),deg(S(1;2)),dB(S(2;2)),deg(S(2;2)),dB(S(3;2)),deg(S(3;2)),dB(S(1;3)),deg(S(1;3)),dB(S(2;3)),deg(S(2;3)),dB(S(3;3)),deg(S(3;3))
9,-1.04605703419688,-45.9240332240593,-9.70512396485228,56.6130007223996,-9.70512288889639,56.6130027564046,-9.70512396485229,56.6130007223996,-1.4998394641146,7.8246188765685,-7.3282237862044,-90.6785142948037,-9.70512288889638,56.6130027564046,-7.32822378620441,-90.6785142948036,-1.49983962676788,7.82461576798539
