#Touchstone format,DB
#frequency unit,GHz
#number of frequencies,3
#number of ports,2
#S-port 1,net1,not renormalized
#S-port 2,net2,not renormalized
#prior iterations pre-pended by #
#Frequency(GHz),dB(S(1;1)),deg(S(1;1)),dB(S(2;1)),deg(S(2;1)),dB(S(1;2)),deg(S(1;2)),dB(S(2;2)),deg(S(2;2))
6,-123.667133449943,101.913029894657,-2.72498401915666e-09,10.9244812102221,-2.72498401915666e-09,10.9244812102221,-123.667025099314,99.9892371290226
7,-107.577212275806,123.79123974616,-1.65736927103682e-08,34.5243942734885,-1.65736927103682e-08,34.5243942734885,-107.576957709975,125.315138038771
8,-105.601238724672,167.957862845755,-5.66841378180665e-08,80.084277669992,-5.66841378180665e-08,80.084277669992,-105.600473966596,172.34292643089
