#Touchstone format,DB
#frequency unit,GHz
#number of frequencies,3
#number of ports,2
#S-port 1,net1,not renormalized
#S-port 2,net2,not renormalized
#prior iterations pre-pended by #
#Frequency(GHz),dB(S(1;1)),deg(S(1;1)),dB(S(2;1)),deg(S(2;1)),dB(S(1;2)),deg(S(1;2)),dB(S(2;2)),deg(S(2;2))
9,-70.3099261287903,-133.973623570097,-0.0120543082553138,-20.770147432495,-0.0120543082553138,-20.770147432495,-70.310747393101,-133.972066248247
9.999999999,-74.5236076727508,-105.235034986798,-0.0108380179832051,172.87382500532,-0.0108380179832051,172.87382500532,-74.5245124666585,-105.227403746109
11,-77.9563947479008,-52.0372542899658,-0.0101798296956636,18.9276141138838,-0.0101798296956636,18.9276141138838,-77.9563434003094,-52.0209986821842
