#Touchstone format,DB
#frequency unit,GHz
#number of frequencies,3
#number of ports,2
#S-port 1,net1,not renormalized
#S-port 2,net2,not renormalized
#prior iterations pre-pended by #
#Frequency(GHz),dB(S(1;1)),deg(S(1;1)),dB(S(2;1)),deg(S(2;1)),dB(S(1;2)),deg(S(1;2)),dB(S(2;2)),deg(S(2;2))
9,-131.680849846446,64.8744316213253,-2.74303044337142e-09,-20.75303995489,-2.74303044337142e-09,-20.75303995489,-131.684664985053,73.6566451241636
9.999999999,-121.46051854131,82.8917136174033,-5.78502940360366e-09,172.8846080307,-5.78502940360366e-09,172.8846080307,-121.461892318504,82.9502406114346
11,-112.293853758734,112.357709703616,-1.11334055476695e-08,18.9351103086115,-1.11334055476695e-08,18.9351103086115,-112.294257518341,105.593329739319
