# name,status,frequency,portOut,portIn,testVariable,testFunction,[equal:expectedValue,]foundValue,[equal:error,tolerance | lessthan:threshold | greaterthan:threshold
part_2_14_result,pass,11000000000,2,2,magS(dB),lessthan,-92.5664011586045,-85,
part_2_4_result,pass,11000000000,1,1,magS(dB),lessthan,-91.6857331573202,-85,
part_1_10_result,pass,9000000000,2,2,magS(dB),lessthan,-89.6435405325356,-85,
part_1_0_result,pass,9000000000,1,1,magS(dB),lessthan,-89.3950918675923,-85,
part_2_12_result,pass,11000000000,1,2,magS(dB),equal,-0.0171482527932786,-0.0169631676983926,0.0107932334050117,0.02,
part_2_6_result,pass,11000000000,2,1,magS(dB),equal,-0.0171482527932786,-0.0169631676983926,0.0107932334050117,0.02,
part_1_8_result,pass,9000000000,1,2,magS(dB),equal,-0.0172633903945982,-0.0170986130585496,0.00954490006205037,0.01,
part_1_2_result,pass,9000000000,2,1,magS(dB),equal,-0.0172633903945982,-0.0170986130585496,0.00954490006205037,0.01,
part_2_13_result,pass,11000000000,1,2,argS(deg),equal,25.4530954749102,25.4531968248866,3.98183303482905e-06,0.0001,
part_2_7_result,pass,11000000000,2,1,argS(deg),equal,25.4530954749102,25.4531968248866,3.98183303482905e-06,0.0001,
part_1_3_result,pass,9000000000,2,1,argS(deg),equal,84.470987655067,84.4710356991006,5.68763724970104e-07,1e-05,
part_1_9_result,pass,9000000000,1,2,argS(deg),equal,84.470987655067,84.4710356991006,5.68763724970104e-07,1e-05,
