#Touchstone format,DB
#frequency unit,GHz
#number of frequencies,2
#number of ports,2
#S-port 1,net1,not renormalized
#S-port 2,net2,not renormalized
#prior iterations pre-pended by #
#Frequency(GHz),dB(S(1;1)),deg(S(1;1)),dB(S(2;1)),deg(S(2;1)),dB(S(1;2)),deg(S(1;2)),dB(S(2;2)),deg(S(2;2))
9,-89.3950918675923,73.8879096300473,-0.0170986130585496,84.4710356991006,-0.0170986130585496,84.4710356991006,-89.6435405325356,85.4083104730984
11,-91.6857331573202,-8.70126655590266,-0.0169631676983926,25.4531968248866,-0.0169631676983926,25.4531968248866,-92.5664011586045,-3.64773291857259
