#Touchstone format,DB
#frequency unit,GHz
#number of frequencies,4
#number of ports,2
#S-port 1,net1,not renormalized
#S-port 2,net2,not renormalized
#prior iterations pre-pended by #
#Frequency(GHz),dB(S(1;1)),deg(S(1;1)),dB(S(2;1)),deg(S(2;1)),dB(S(1;2)),deg(S(1;2)),dB(S(2;2)),deg(S(2;2))
25,-19.507414068889,-90.5458814170728,-0.0489166770506762,179.362223929203,-0.0489166770506762,179.362223929203,-19.5074865092122,-90.7298763642764
70,-10.5327963339349,-75.819908028221,-0.402356281074046,-165.86555739647,-0.402356281074046,-165.86555739647,-10.5328849262247,-75.9063187791828
140,-10.1882868739663,38.554963520822,-0.434069533347528,-51.4661021070392,-0.434069533347528,-51.4661021070392,-10.188247271935,38.6943193893189
160,-15.0121090550646,14.4074443310097,-0.160761485249893,103.495257707552,-0.160761485249893,103.495257707552,-15.0127642701594,14.2632068109025
