#Touchstone format,DB
#frequency unit,GHz
#number of frequencies,1
#number of ports,4
#S-port 1,comm_in,not renormalized
#S-port 2,diff_in,not renormalized
#S-port 3,comm_out,not renormalized
#S-port 4,diff_out,not renormalized
#prior iterations pre-pended by #
#Frequency(GHz),dB(S(1;1)),deg(S(1;1)),dB(S(2;1)),deg(S(2;1)),dB(S(3;1)),deg(S(3;1)),dB(S(4;1)),deg(S(4;1)),dB(S(1;2)),deg(S(1;2)),dB(S(2;2)),deg(S(2;2)),dB(S(3;2)),deg(S(3;2)),dB(S(4;2)),deg(S(4;2)),dB(S(1;3)),deg(S(1;3)),dB(S(2;3)),deg(S(2;3)),dB(S(3;3)),deg(S(3;3)),dB(S(4;3)),deg(S(4;3)),dB(S(1;4)),deg(S(1;4)),dB(S(2;4)),deg(S(2;4)),dB(S(3;4)),deg(S(3;4)),dB(S(4;4)),deg(S(4;4))
#10,-5.44635812693961,132.943050789242,-6.12825962751571,133.191978942295,-6.73249003443736,-38.9499488940849,-6.11786709694057,132.198380749475,-6.12825962751571,133.191978942295,-6.89030568334649,132.759060836211,-6.11689798236652,132.187662956744,-5.33559889734845,-40.2429023670396,-6.73249003443736,-38.9499488940849,-6.11689798236652,132.187662956744,-5.45496661041068,132.872313392938,-6.11817224698438,133.195403935024,-6.11786709694057,132.198380749475,-5.33559889734845,-40.2429023670396,-6.11817224698438,133.195403935024,-6.90109302005135,132.696108652477
#10,-5.44461716482687,132.789027061772,-6.12264239852551,133.112609517489,-6.72870292508383,-38.9239465580222,-6.11977087735071,132.205119457038,-6.12264239852551,133.112609517489,-6.88646652918606,132.563351383986,-6.11724437984871,132.209451567447,-5.33491871759625,-40.2563190375032,-6.72870292508383,-38.9239465580222,-6.11724437984871,132.209451567447,-5.44991643418934,132.69231008744,-6.11532035934723,133.07314107296,-6.11977087735071,132.205119457038,-5.33491871759625,-40.2563190375032,-6.11532035934723,133.07314107296,-6.88733023236664,132.454836292979
10,-5.44261680666186,132.547754474394,-6.12100327165335,132.934855784912,-6.72563763437046,-38.8972486726562,-6.12082670208559,132.201312640083,-6.12100327165335,132.934855784912,-6.88154739410823,132.290966288022,-6.118669637775,132.219129828962,-5.33349326578583,-40.2616119043671,-6.72563763437046,-38.8972486726562,-6.118669637775,132.219129828962,-5.44740321324123,132.573344952373,-6.11267354048143,133.003722743293,-6.12082670208559,132.201312640083,-5.33349326578583,-40.2616119043671,-6.11267354048143,133.003722743293,-6.88108967334854,132.278366728193
