#Touchstone format,DB
#frequency unit,GHz
#number of frequencies,3
#number of ports,2
#S-port 1,net1,not renormalized
#S-port 2,net2,not renormalized
#prior iterations pre-pended by #
#Frequency(GHz),dB(S(1;1)),deg(S(1;1)),dB(S(2;1)),deg(S(2;1)),dB(S(1;2)),deg(S(1;2)),dB(S(2;2)),deg(S(2;2))
9,-131.754959421788,64.7190507568983,-2.74314809132238e-09,-20.7530400729359,-2.74314809132238e-09,-20.7530400729359,-131.758762672913,73.8124750178704
9.999999999,-121.486100870694,82.9886934551728,-5.78328107790563e-09,172.884607902446,-5.78328107790563e-09,172.884607902446,-121.487496443702,82.8534716921138
11,-112.28622177802,112.358896173078,-1.11309879787077e-08,18.9351102783125,-1.11309879787077e-08,18.9351102783125,-112.286620946861,105.592038234198
