# name,status,frequency,portOut,portIn,testVariable,testFunction,[equal:expectedValue,]foundValue,[equal:error,tolerance | lessthan:threshold | greaterthan:threshold
Simonovich_stripline_1_7_result,pass,50000000000,2,2,argS(deg),equal,-141.117312831372,-141.117312835709,3.07331697422948e-11,1e-07,
Simonovich_stripline_1_1_result,pass,50000000000,1,1,argS(deg),equal,-139.520451429917,-139.520451431701,1.27866722115156e-11,1e-07,
Simonovich_stripline_1_0_result,pass,50000000000,1,1,magS(dB),equal,-53.2145267951642,-53.2145267950717,1.73821809404224e-12,1e-07,
Simonovich_stripline_1_4_result,pass,50000000000,1,2,magS(dB),equal,-0.137035697161609,-0.137035697161661,3.79564958481931e-13,0.0001,
Simonovich_stripline_1_2_result,pass,50000000000,2,1,magS(dB),equal,-0.137035697161609,-0.137035697161661,3.79564958481931e-13,0.0001,
Simonovich_stripline_1_6_result,pass,50000000000,2,2,magS(dB),equal,-53.5465110918535,-53.5465110918345,3.54830078875404e-13,1e-07,
Simonovich_stripline_1_3_result,pass,50000000000,2,1,argS(deg),equal,-115.827684956526,-115.827684956533,6.04859829256206e-14,1e-08,
Simonovich_stripline_1_5_result,pass,50000000000,1,2,argS(deg),equal,-115.827684956526,-115.827684956533,6.04859829256206e-14,1e-08,
