#Touchstone format,DB
#frequency unit,GHz
#number of frequencies,3
#number of ports,2
#S-port 1,net1,not renormalized
#S-port 2,net2,not renormalized
#prior iterations pre-pended by #
#Frequency(GHz),dB(S(1;1)),deg(S(1;1)),dB(S(2;1)),deg(S(2;1)),dB(S(1;2)),deg(S(1;2)),dB(S(2;2)),deg(S(2;2))
9,-130.788773744922,69.2122609057574,-3.4910226150015e-09,-20.7530380525374,-3.4910226150015e-09,-20.7530380525374,-130.788708970639,69.3408032936678
9.999999999,-120.491811809445,82.9210085954685,-7.21187628967994e-09,172.884613644748,-7.21187628967994e-09,172.884613644748,-120.491789884574,82.9324057012118
11,-111.732704136724,108.989708676684,-1.36749523063581e-08,18.9351218405494,-1.36749523063581e-08,18.9351218405494,-111.73270415281,108.969234578286
