#Touchstone format,DB
#frequency unit,GHz
#number of frequencies,3
#number of ports,2
#S-port 1,net1,not renormalized
#S-port 2,net2,not renormalized
#prior iterations pre-pended by #
#Frequency(GHz),dB(S(1;1)),deg(S(1;1)),dB(S(2;1)),deg(S(2;1)),dB(S(1;2)),deg(S(1;2)),dB(S(2;2)),deg(S(2;2))
9,-124.147181218067,59.839467237241,-3.01669404221291e-09,-20.753020380304,-3.01669404221291e-09,-20.753020380304,-124.158987918549,78.6204220437888
9.999999999,-114.874815821819,69.6122652924579,-6.51044666948674e-09,172.884664401447,-6.51044666948674e-09,172.884664401447,-114.880072706576,96.1944059271602
11,-105.468501059974,102.308378872919,-1.2141602200682e-08,18.9352499531733,-1.2141602200682e-08,18.9352499531733,-105.470418284126,115.615171877613
